<?xml version="1.0" encoding="UTF-8"?>
<hibernate-mapping>
    <class name="HelloHibernateApp.POJOS.Employees" table="employees">
        <id name="empNo" type="int" column="emp_no">
            <generator class="assigned"/>
        </id>
        <property name="firstName">
            <column name="first_name"/>
        </property>
        <property name="lastName">
            <column name="last_name"/>
        </property>
        <property name="gender">
            <column name="gender"/>
        </property>
        <property name="birthDate" type="date">
            <column name="birth_date"/>
        </property>
        <property name="hireDate" type="date">
            <column name="hire_date"/>
        </property>
    </class>
</hibernate-mapping>

