<?xml version="1.0" encoding="UTF-8"?>
<hibernate-configuration>
    <session-factory>
        <property name="connection.driver_class">com.mysql.cj.jdbc.Driver</property>
        <property name="connection.url">jdbc:mysql://localhost:3306/employees</property>
        <property name="connection.username">root</property>
        <property name="connection.password"></property>

        <property name="hibernate.dialect">org.hibernate.dialect.MySQL8Dialect</property>
        <property name="hibernate.show_sql">true</property>
        <property name="hibernate.format_sql">true</property>

        <mapping resource="employees.hbm.xml"/>
        <mapping resource="titles.hbm.xml"/>

    </session-factory>
</hibernate-configuration>
