<?xml version="1.0" encoding="UTF-8"?>
<hibernate-mapping>
	<class name="HelloHibernateApp.POJOS.Titles" table="titles">
       <composite-id>
		   <key-property name="fromDate" column="from_date" type="date"/>
		   <key-property name="toDate" column="to_date" type="date"/>	   
	   </composite-id>
	   <property name="title" column="title" />
	   
	   <many-to-one name="emp"
			class="HelloHibernateApp.POJOS.Employees"
			column="emp_no"
			cascade="save-update"
	   />
    </class>
</hibernate-mapping>